{
  "project_info": {
    "project_number": "377040491045",
    "project_id": "nalu-zyklus-flow",
    "storage_bucket": "nalu-zyklus-flow.appspot.com"
  },
  "client": [
    {
      "client_info": {
        "mobilesdk_app_id": "1:377040491045:android:17040ffae6f135475d25cc",
        "android_client_info": {
          "package_name": "com.nalu.app"
        }
      },
      "oauth_client": [
        {
          "client_id": "377040491045-p2rgii415f09jfn31l0bnevh6v68mnvs.apps.googleusercontent.com",
          "client_type": 3
        }
      ],
      "api_key": [
        {
          "current_key": "AIzaSyDdQARUfS4gGtgCGfl_XON2HW800JIeNQc"
        }
      ],
      "services": {
        "appinvite_service": {
          "other_platform_oauth_client": [
            {
              "client_id": "377040491045-p2rgii415f09jfn31l0bnevh6v68mnvs.apps.googleusercontent.com",
              "client_type": 3
            },
            {
              "client_id": "377040491045-04es188ai6s3jrenhd70ch73m8jp8m15.apps.googleusercontent.com",
              "client_type": 2,
              "ios_info": {
                "bundle_id": "o.ionic.naluapp",
                "app_store_id": "1600416572"
              }
            }
          ]
        }
      }
    }
  ],
  "configuration_version": "1"
}
