[
	{
		"pkg": "@capacitor/app",
		"classpath": "com.capacitorjs.plugins.app.AppPlugin"
	},
	{
		"pkg": "@capacitor/browser",
		"classpath": "com.capacitorjs.plugins.browser.BrowserPlugin"
	},
	{
		"pkg": "@capacitor/haptics",
		"classpath": "com.capacitorjs.plugins.haptics.HapticsPlugin"
	},
	{
		"pkg": "@capacitor/keyboard",
		"classpath": "com.capacitorjs.plugins.keyboard.KeyboardPlugin"
	},
	{
		"pkg": "@capacitor/live-updates",
		"classpath": "com.capacitorjs.liveupdates.LiveUpdatesPlugin"
	},
	{
		"pkg": "@capacitor/push-notifications",
		"classpath": "com.capacitorjs.plugins.pushnotifications.PushNotificationsPlugin"
	},
	{
		"pkg": "@capacitor/status-bar",
		"classpath": "com.capacitorjs.plugins.statusbar.StatusBarPlugin"
	},
	{
		"pkg": "@capacitor/toast",
		"classpath": "com.capacitorjs.plugins.toast.ToastPlugin"
	}
]
